/*
SQLyog Ultimate v12.09 (64 bit)
MySQL - 5.7.20-log : Database - xywx
*********************************************************************
*/

/*!40101 SET NAMES utf8 */;

/*!40101 SET SQL_MODE=''*/;

/*!40014 SET @OLD_UNIQUE_CHECKS=@@UNIQUE_CHECKS, UNIQUE_CHECKS=0 */;
/*!40101 SET @OLD_SQL_MODE=@@SQL_MODE, SQL_MODE='NO_AUTO_VALUE_ON_ZERO' */;
/*!40111 SET @OLD_SQL_NOTES=@@SQL_NOTES, SQL_NOTES=0 */;
CREATE DATABASE /*!32312 IF NOT EXISTS*/`xywx` /*!40100 DEFAULT CHARACTER SET latin1 */;

USE `xywx`;

/*Table structure for table `admin` */

CREATE TABLE `admin` (
  `id` int(11) NOT NULL AUTO_INCREMENT,
  `name` varchar(25) DEFAULT NULL,
  `user` varchar(25) DEFAULT NULL,
  `pwd` varchar(25) DEFAULT NULL,
  `img` varchar(255) DEFAULT NULL,
  `st` int(11) DEFAULT NULL,
  `shen` int(11) DEFAULT NULL,
  `bei_int` int(11) DEFAULT NULL,
  `bei_1` varchar(255) DEFAULT NULL,
  `bei_2` varchar(255) DEFAULT NULL,
  `bei_3` varchar(255) DEFAULT NULL,
  PRIMARY KEY (`id`)
) ENGINE=InnoDB AUTO_INCREMENT=45 DEFAULT CHARSET=utf8;

/*Data for the table `admin` */

insert  into `admin`(`id`,`name`,`user`,`pwd`,`img`,`st`,`shen`,`bei_int`,`bei_1`,`bei_2`,`bei_3`) values (1,'蔡英之','1','1','/xywx/upload/1589591396884.jpg',NULL,NULL,NULL,NULL,NULL,NULL),(41,'admin','admin','admin','/xywx/upload/1513416147433.jpg',NULL,NULL,NULL,NULL,NULL,NULL),(42,'21','21','21',NULL,NULL,NULL,NULL,NULL,NULL,NULL),(43,'1','1','1',NULL,NULL,NULL,NULL,NULL,NULL,NULL),(44,'1','1','1',NULL,NULL,NULL,NULL,NULL,NULL,NULL);

/*Table structure for table `article` */

CREATE TABLE `article` (
  `id` int(11) NOT NULL AUTO_INCREMENT,
  `title` varchar(255) DEFAULT NULL,
  `user_id` int(11) DEFAULT NULL,
  `set_time` varchar(50) DEFAULT NULL,
  `type_id` int(11) DEFAULT NULL COMMENT '对应类型表的id',
  `type2_id` int(11) DEFAULT NULL,
  `hot` int(11) DEFAULT NULL,
  `display` int(11) DEFAULT NULL,
  `txt` text,
  `img` varchar(255) DEFAULT NULL,
  `st` int(11) DEFAULT NULL,
  `shen` int(11) DEFAULT NULL,
  `bei_int` int(11) DEFAULT NULL,
  `bei_1` varchar(255) DEFAULT NULL,
  `bei_2` varchar(255) DEFAULT NULL,
  `bei_3` varchar(255) DEFAULT NULL,
  PRIMARY KEY (`id`)
) ENGINE=InnoDB AUTO_INCREMENT=52 DEFAULT CHARSET=utf8;

/*Data for the table `article` */

insert  into `article`(`id`,`title`,`user_id`,`set_time`,`type_id`,`type2_id`,`hot`,`display`,`txt`,`img`,`st`,`shen`,`bei_int`,`bei_1`,`bei_2`,`bei_3`) values (16,'一级类型5二级类型1下面的文章1',1,'2017-12-06',30,NULL,1,1,'<p style=\"text-align: left;\">一级类型<b>5二级类型1</b>下面的文章一级类型5二级类型1下面的文章一级类型5二级类型1下面的文章一级类型5<i>二级类型1下面的文章一</i>级类型5二级类型1下面的文章一级类型5二级类型1下面的文章一级类型5二级类型1下面的文章一级类型5二级<u>类型1下面的文章一级类型5</u>二级类型<strike>1下面的文章一级类型5</strike>二级类型1下面的文章<img src=\"http://localhost:8080/xywx/layui/images/face/17.gif\" alt=\"[白眼]\"></p>',NULL,2,NULL,NULL,NULL,NULL,NULL),(17,'一级类型5二级类型1下面的文章2',1,'2017-12-06',130,96,1,1,'<p>一级类型5二级类型1下<u>面的文章一级类型5二级类型1下面的文章一级类型5二级类型1下面的文章一级类型5二级类型1下面的文章一级类型5二级类型1下面的文章一级类型5二级类型1下面的文章一级类型5二级类型1下面的文章一级类型5二级类型1下面的文章一级类型5二</u>级类型1下面的文章<b>一级类型5二级类型1下面的文章</b>一级类型5二级类型1下面的文章</p>',NULL,2,NULL,NULL,NULL,NULL,NULL),(18,'一级类型5二级类型1下面的文章3',41,'2017-12-16',130,96,1,1,'<p>一级类型5二级类<b>型1下面的文章一</b>级类型5二级<u>类型1下面<i>的文章一级类型5二级类型1</i>下面的文章一级<b>类型5二级类型1下面的文章一</b>级类型5二级类型1下面的文章一级类型5二级类型1下面的文章一级类型5二级类型1下面的文章一级类型5二级类型1下面的文章一级类型5二级类型1下</u>面的文章一级类型5二级类型1下面的文章<img src=\"http://localhost:8080/xywx/layui/images/face/15.gif\" alt=\"[生病]\"></p>',NULL,2,NULL,NULL,NULL,NULL,NULL),(19,'文章文章标题文章标题',1,'2017-12-12',130,96,1,1,'<p style=\"text-align: center;\"><b>文章文章标题文章标题文章文章</b>标题文章标题文章文章标<i><img src=\"http://localhost:8080/xywx/layui/images/face/22.gif\" alt=\"[委屈]\"></i>文章标题<img src=\"http://localhost:8080/xywx/layui/images/face/1.gif\" alt=\"[嘻嘻]\"></p>',NULL,2,NULL,NULL,NULL,NULL,NULL),(20,'添加文章5555555',1,'2017-12-05',130,NULL,2,1,'5555555555555555555555<i>55555555555555555555555</i>',NULL,2,NULL,NULL,NULL,NULL,NULL),(21,'一级类型5二级类型1文章',1,'2017-12-13',130,96,1,1,'<p>一级类型5二级类<i>型1文章一级类型<img src=\"http://localhost:8080/xywx/layui/images/face/16.gif\" alt=\"[太开心]\">5二级类型1文章一级类</i>型5二级<b>类型1文章一级类型5二级类型1文章</b>一级类型5二<strike>级类型1文章</strike></p>',NULL,2,NULL,NULL,NULL,NULL,NULL),(22,'有图片的文章',1,'2017-12-13',30,NULL,1,1,'<p>有图片的<strike>文章</strike>有图片的文章<b>有图片的文章有图</b>片的文章<u>有图片的文章有图</u>片的文章有图片的文章有图片<i>的文</i>章为什么<img src=\"http://localhost:8080/xywx/upload/1513127161162.jpg\" alt=\"undefined\"></p>',NULL,2,NULL,NULL,NULL,NULL,NULL),(23,'验收申请标题1',1,'2017-12-13',30,NULL,2,1,'<p>验收申请标题1验收申请标题1验收申请标题1验收申请标题1验收申请标题1<img src=\"/xywx/upload/1513128815139.jpg\" alt=\"undefined\">验收申请标题1验收申请标题1验收申请标题1验收申请标题<i>1验收申请标题1</i></p>',NULL,1,NULL,NULL,NULL,NULL,NULL),(24,'验收申请标题2',1,'2017-12-13',30,NULL,1,1,'<p>验收申请标题1验收申请标题1验收申请标题1验收申请标题1验收申请标题1验收申请标题1验收申请标题1验收申请标题1验收申请标题1验收申请标题1验收申请标题1验收申请标题1</p>',NULL,1,NULL,NULL,NULL,NULL,NULL),(25,'验收申请标题1验收申请标题1验收申请标题1',1,'2017-12-13',30,NULL,1,1,'<p>验收申请标题1验收申请标题1验收申请标题1验收申请标题1验收申请标题1验收申请标题1验收申请标题1验收申请标题1验收申请标题1验收申请标题1验收申请标题1验收申请标题1验收申请标题1验收申请标题1验收申请标题1验收申请标题1验收申请标题1验收申请标题1验收申请标题1验收申请标题1验收申请标题1验收申请标题1验收申请标题1验收申请标题1验收申请标题1验收申请标题1验收申请标题1验收申请标题1验收申请标题1验收申请标题1验收申请标题1验收申请标题1验收申请标题1验收申请标题1验收申请标题1验收申请标题1验收申请标题1验收申请标题1验收申请标题1验收申请标题1验收申请标题1验收申请标题1验收申请标题1验收申请标题1验收申请标题1验收申请标题1验收申请标题1验收申请标题1验收申请标题1验收申请标题1验收申请标题1验收申请标题1验收申请标题1验收申请标题1验收申请标题1验收申请标题1验收申请标题1验收申请标题1验收申请标题1验收申请标题1验收申请标题1验收申请标题1验收申请标题1验收申请标题1验收申请标题1验收申请标题1验收申请标题1验收申请标题1验收申请标题1验收申请标题1验收申请标题1验收申请标题1验收申请标题1验收申请标题1验收申请标题1验收申请标题1验收申请标题1验收申请标题1验收申请标题1验收申请标题1验收申请标题1验收申请标题1验收申请标题1验收申请标题1验收申请标题1验收申请标题1验收申请标题1验收申请标题1验收申请标题1验收申请标题1验收申请标题1验收申请标题1验收申请标题1验收申请标题1验收申请标题1验收申请标题1验收申请标题1验收申请标题1验收申请标题1验收申请标题1验收申请标题1验收申请标题1验收申请标题1验收申请标题1验收申请标题1验收申请标题1验收申请标题1验收申请标题1验收申请标题1验收申请标题1验收申请标题1验收申请标题1验收申请标题1验收申请标题1验收申请标题1验收申请标题1验收申请标题1验收申请标题1验收申请标题1验收申请标题1验收申请标题1验收申请标题1验收申请标题1验收申请标题1验收申请标题1验收申请标题1验收申请标题1验收申请标题1验收申请标题1验收申请标题1验收申请标题1验收申请标题1验收申请标题1验收申请标题1验收申请标题1验收申请标题1验收申请标题1验收申请标题1验收申请标题1验收申请标题1验收申请标题1验收申请标题1验收申请标题1验收申请标题1验收申请标题1验收申请标题1验收申请标题1验收申请标题1验收申请标题1验收申请标题1验收申请标题1验收申请标题1验收申请标题1验收申请标题1验收申请标题1验收申请标题1验收申请标题1验收申请标题1验收申请标题1验收申请标题1验收申请标题1验收申请标题1验收申请标题1验收申请标题1验收申请标题1验收申请标题1验收申请标题1验收申请标题1验收申请标题1验收申请标题1验收申请标题1验收申请标题1验收申请标题1验收申请标题1</p>',NULL,1,NULL,NULL,NULL,NULL,NULL),(26,'验收申请标题4验收申请标题4验收申请标题4验收申',1,'2017-12-13',30,NULL,1,1,'<p style=\"text-align: left;\">验收申请标题4验收申请标题4验收申请标题4验收申请标题4验收申请标题4验收申请标题4验收申请标题4验收申请标题4验收申请标题4验收申请标题4验收申请标题4验收申请标题4验收申请标题4验收申请标题4验收申请标题4验收申请标题4验收申请标题4验收申请标题4</p>',NULL,1,NULL,NULL,NULL,NULL,NULL),(27,'5验收申请标题4验收申请标题4验收申请标题4验收',1,'2017-11-28',30,NULL,2,1,'<p>验收申请标题4验收申请标题4验收申请标题4验收申请标题4验收申请标题4验收申请标题4验收申请标题4验收申请标题4验收申请标题4验收申请标题4验收申请标题4验收申请标题4验收申请标题4验收申请标题4验收申请标题4验收申请标题4验收申请标题4验收申请标题4验收申请标题4验收申请标题4验收申请标题4验收申请标题4</p>',NULL,1,NULL,NULL,NULL,NULL,NULL),(28,'验收文章6验收文章6验收文章6验收文章6验收文章',1,'2017-12-13',30,NULL,1,1,'<p>验收文章6验收文章6验收文章6验收文章6验收文章6验收文章6验收文章6验收文章6验收文章6验收文章6验收文章6验收文章6验收文章6验收文章6验收文章6验收文章6验收文章6验收文章6验收文章6验收文章6验收文章6验收文章6验收文章6验收文章6验收文章6验收文章6验收文章6验收文章6验收文章6验收文章6验收文章6验收文章6验收文章6验收文章6验收文章6验收文章6验收文章6验收文章6验收文章6验收文章6验收文章6验收文章6验收文章6验收文章6验收文章6验收文章6验收文章6验收文章6验收文章6验收文章6验收文章6验收文章6验收文章6验收文章6验收文章6验收文章6验收文章6验收文章6验收文章6验收文章6验收文章6验收文章6验收文章6验收文章6验收文章6验收文章6验收文章6验收文章6验收文章6验收文章6验收文章6验收文章6</p>',NULL,1,NULL,NULL,NULL,NULL,NULL),(29,'验收申请7验收申请7验收申请7验收申请7验收申请',1,'2017-12-15',30,NULL,1,1,'<p><img src=\"/xywx/upload/1513131541476.jpg\" alt=\"undefined\">验收申请7验收申请7验收申请7验收申请7验收申请7验收申请7验收申请7验收申请7验收申请7验收申请7验收申请7验收申请7验收申请7验收申请7验收申请7验收申请7验收申请7验收申请7验收申请7验收申请7验收申请7验收申请7验收申请7验收申请7验收申请7验收申请7验收申请7验收申请7验收申请7验收申请7验收申请7验收申请7验收申请7验收申请7验收申请7验收申请7验收申请7验收申请7验收申请7验收申请7验收申请7验收申请7验收申请7验收申请7验收申请7验收申请7验收申请7验收申请7验收申请7验收申请7验收申请7验收申请7验收申请7验收申请7验收申请7验收申请7验收申请7验收申请7验收申请7验收申请7验收申请7验收申请7验收申请7验收申请7验收申请7验收申请7验收申请7验收申请7验收申请7验收申请7验收申请7验收申请7验收申请7验收申请7验收申请7验收申请7验收申请7验收申请7验收申请7验收申请7验收申请7<img src=\"/xywx/upload/1513131547185.jpg\" alt=\"undefined\"><img src=\"/xywx/upload/1513143034997.jpg\" alt=\"undefined\"></p>',NULL,1,NULL,NULL,NULL,NULL,NULL),(30,'总结报告',1,'2017-12-06',31,NULL,1,2,'<p>总结报告总结报告总结报告总结报告总结报告总结报告总结报告总结报告总结报告总结报告总结报告总结报告总结报告总结报告总结报告总结报告总结报告总结报告总结报告总结报告总结报告总结<b>报告总结报告总结报告总结</b>报告总结报告总结报告总结报告总结报告总结报告总结报告总结报告总结报告总结报告总结报告总结报告总结报告总结报告总结报告总结报告总结报告总结报告总结报告总结报告总结报告总结报告总结报告总结报告总结报告<img src=\"/xywx/upload/1513144144431.jpg\" alt=\"undefined\"></p>',NULL,1,NULL,NULL,NULL,NULL,NULL),(31,'1231546',1,'2017-12-13',30,NULL,1,2,'<img src=\"/xywx/upload/1513145754035.jpg\" alt=\"undefined\"><img src=\"/xywx/upload/1513145337291.jpg\" alt=\"undefined\"><img src=\"/xywx/upload/1513146724305.jpg\" alt=\"undefined\">',NULL,1,NULL,NULL,NULL,NULL,NULL),(32,'11daqwdas',1,'2017-12-07',30,NULL,1,2,'ewqewqew<b><img src=\"http://localhost:8080/xywx/layui/images/face/20.gif\" alt=\"[嘘]\"><img src=\"http://localhost:8080/xywx/layui/images/face/35.gif\" alt=\"[失望]\"></b>',NULL,1,NULL,NULL,NULL,NULL,NULL),(33,'m1-1文章标题文章标题文章标题',1,'2017-12-05',30,NULL,1,1,'<p><span style=\"text-align: right;\">文章标题</span><span style=\"text-align: right;\">文章标题</span><span style=\"text-align: right;\">文章标题</span><span style=\"text-align: right;\">文章<i>标题</i></span><span style=\"text-align: right;\"><i>文章标题</i></span><span style=\"text-align: right;\"><i>文章</i>标题</span><span style=\"text-align: right;\">文章标题</span><span style=\"text-align: right;\">文章标题</span><span style=\"text-align: right;\">文章标题</span><span style=\"text-align: right;\">文章标题</span><span style=\"text-align: right;\">文章标题</span><span style=\"text-align: right;\">文章标题<img src=\"/xywx/upload/1513173545191.jpg\" alt=\"undefined\"></span></p>',NULL,2,NULL,NULL,NULL,NULL,NULL),(34,'验收申请8',1,'2017-12-01',30,NULL,1,2,'<p>&nbsp; &nbsp;验收申请8验收申请8验收申验收申请8验收申请8验收申请8验收申请8验收申请8验收申请8请8验收申请8验收申请8验收申请8验收申请8验收申请8验收申请8验收申请8验收申请8验收申请8</p><p>&nbsp; &nbsp;验收申请8验收申请8验收申请8验收申请8验收申请8验收申请8验收申请8验收申请8验收申请8验收申请8验收申请8验收申请8验收申请8验收申请8</p><p><br></p><p>验收申请8验收申请8验收申请8验收申请8验收申请8验收申请8验收申请8验收申请8验收申请8验收申请8验收申请8验收申请8</p>',NULL,1,NULL,NULL,NULL,NULL,NULL),(35,'验收申请9',1,'2017-11-30',30,NULL,1,2,'<p>验收申请9验收申请9验收申请9验收申请9验收申请9验收申请9验收申请9验收申请9验收申请9验收申请9验收申请9验收申请9验收申请9验收申请9验收申请9验收申请9验收申请9验收申请9验收申请9验收申请9验收申请9验收申请9验收申请9验收申请9验收申请9验收申请9验收申请9验收申请9验收申请9验收申请9验收申请9验收申请9验收申请9验收申请9验收申请9验收申请9验收申请9验收申请9验收申请9验收申请9验收申请9验收申请9验收申请9验收申请9验收申请9验收申请9验收申请9验收申请9验收申请9验收申请9验收申请9验收申请9验收申请9验收申请9验收申请9验收申请9验收申请9验收申请9验收申请9验收申请9验收申请9验收&nbsp; &nbsp; &nbsp; &nbsp; &nbsp; &nbsp; &nbsp; &nbsp; &nbsp; &nbsp; &nbsp; &nbsp; &nbsp; &nbsp;</p><p>&nbsp; &nbsp; &nbsp; &nbsp; &nbsp; &nbsp;申请9验收申请9验收申请9验收申请9验收申请9验收申请9验收申请9验收申请9验收申请9验收申请9验收申请9验收申请9验收申请9验收申请9验收申请9验收申请9验收申请9验收申请9验收申请9验收申请9验收申请9验收申请9验收申请9验收申请9验收申请9验收申请9验收申请9验收申请9验收申请9验收申请9验收申请9验收申请9验收申请9验收申请9验收申请9验收申请9验收申请9验收申请9验收申请9验收申请9验收申</p><p>&nbsp; &nbsp; &nbsp; &nbsp; &nbsp; &nbsp; &nbsp; &nbsp;请9验收申请9验收申请9验收申请9验收申请9验收申请9验收申请9验收申请9验收申请9验收申请9验收申请9验收申请9验收申请9验收申请9验收申请9验收申请9验收申请9验收申请9验收申请9验收申请9验收申请9验收申请9验收申请9验收申请9验收申请9验收申请9验收申请9验收申请9验收申请9验收申请9验收申请9验收申请9验收申请9验收申请9验收申请9验收申请9验收申请9验收申请9验收申请9验收申请9</p>',NULL,1,NULL,NULL,NULL,NULL,NULL),(36,'验收申请10',1,'2017-12-15',30,NULL,1,2,'<p>验收申请10验收申请10验收申请10验收申请10验收申请10验收申请10验收申请10验收申请10验收申请10验收申请10验收申请10验收申请10验收申请10验收申请10验收申请10验收申请10验收申请10验收申请10验收申请10验收申请10验收申请10验收申请10验收申请10验收申请10验收申请10验收申请10验收申请10验收申请10验收申请10验收申请10验收申请10验收申请10验收申请10验收申请10验收申请10验收申请10验收申请10验收申请10验收申请10验收申请10验收申请10验收申请10验收申请10验收申请10验收申请10验收申请10验收申请10验收申请10验收申请10验收申请10验收申请10验收申请10验收申请10验收申请10验收申请10验收申请10验收申请10验收申请10验收申请10验收申请10验收申请10验收申请10验收申请10验收申请10验收申请10验收申请10验收申请10验收申请10验收申请10验收申请10验收申请10验收申请10验收申请10</p>',NULL,1,NULL,NULL,NULL,NULL,NULL),(37,'验收申请11',1,'2017-11-28',30,NULL,1,1,'<p>验收申请11验收申请11验收申请11验收申请11验收申请11验收申请11验收申请11验收申请11验收申请11验收申请11验收申请11验收申请11验收申请11验收申请11验收申请11验收申请11验收申请11验收申请11验收申请11验收申请11验收申请11验收申请11验收申请11验收申请11验收申请11验收申请11验收申请11验收申请11验收申请11验收申请11验收申请11验收申请11验收申请11验收申请11验收申请11验收申请11验收申请11验收申请11验收申请11验收申请11验收申请11验收申请11验收申请11验收申请11验收申请11验收申请11验收申请11验收申请11验收申请11验收申请11验收申请11验收申请11验收申请11验收申请11验收申请11验收申请11验收申请11验收申请11验收申请11验收申请11验收申请11验收申请11验收申请11验收申请11验收申请11验收申请11验收申请11验收申请11验收申请11验收申请11验收申请11验收申请11验收申请11</p>',NULL,1,NULL,NULL,NULL,NULL,NULL),(38,'验收申请12',1,'2017-12-06',30,NULL,1,1,'<p>验收申请11验收申请11验收申请11验收申请11验收申请11验收申请11验收申请11验收申请11验收申请11验收申请11验收申请11验收申请11验收申请11验收申请11验收申请11验收申请11验收申请11验收申请11验收申请11验收申请11验收申请11验收申请11验收申请11验收申请11验收申请11验收申请11验收申请11验收申请11验收申请11验收申请11验收申请11验收申请11验收申请11验收申请11验收申请11验收申请11验收申请11验收申请11验收申请11验收申请11验收申请11验收申请11验收申请11验收申请11验收申请11验收申请11验收申请11验收申请11验收申请11验收申请11验收申请11验收申请11验收申请11验收申请11验收申请11验收申请11验收申请11验收申请11验收申请11验收申请11验收申请11验收申请11验收申请11验收申请11验收申请11验收申请11验收申请11验收申请11验收申请11验收申请11验收申请11验收申请11验收申请11验收申请11验收申请11验收申请11验收申请11验收申请11验收申请11验收申请11验收申请11验收申请11验收申请11验收申请11验收申请11验收申请11验收申请11验收申请11验收申请11验收申请11验收申请11验收申请11验收申请11验收申请11验收申请11验收申请11验收申请11验收申请11验收申请11验收申请11验收申请11验收申请11验收申请11验收申请11验收申请11验收申请11验收申请11</p>',NULL,1,NULL,NULL,NULL,NULL,NULL),(39,'M1-2基础建设1',1,'2017-12-06',32,116,1,1,'<p>M1-2基础建设1M1-2基础建设1M1-2基础建设1M1-2基础建设1M1-2基础建设1M1-2基础建设1M1-2基础建设1M1-2基础建设1M1-2基础建设1M1-2基础建设1M1-2基础建设1M1-2基础建设1M1-2基础建设1M1-2基础建设1M1-2基础建设1M1-2基础建设1M1-2基础建设1M1-2基础建设1M1-2基础建设1M1-2基础建设1M1-2基础建设1M1-2基础建设1M1-2基础建设1M1-2基础建设1M1-2基础建设1M1-2基础建设1M1-2基础建设1M1-2基础建设1M1-2基础建设1M1-2基础建设1M1-2基础建设1M1-2基础建设1M1-2基础建设1M1-2基础建设1M1-2基础建设1M1-2基础建设1M1-2基础建设1M1-2基础建设1M1-2基础建设1M1-2基础建设1M1-2基础建设1M1-2基础建设1M1-2基础建设1</p>',NULL,1,NULL,NULL,NULL,NULL,NULL),(40,'M1基础建设2',1,'2017-12-14',32,NULL,1,1,'<p>M1基础建设2M1基础建设2M1基础建设2M1基础建设2M1基础建设2M1基础建设2M1基础建设2M1基础建设2M1基础建设2M1基础建设2M1基础建设2M1基础建设2M1基础建设2M1基础建设2M1基础建设2M1基础建设2M1基础建设2M1基础建设2M1基础建设2M1基础建设2M1基础建设2M1基础建设2M1基础建设2M1基础建设2M1基础建设2M1基础建设2M1基础建设2M1基础建设2M1基础建设2M1基础建设2M1基础建设2M1基础建设2M1基础建设2M1基础建设2M1基础建设2M1基础建设2M1基础建设2M1基础建设2M1基础建设2M1基础建设2M1基础建设2M1基础建设2M1基础建设2M1基础建设2M1基础建设2M1基础建设2</p>',NULL,1,NULL,NULL,NULL,NULL,NULL),(41,'M1-1理念思路3',1,'2017-12-07',32,117,1,1,'<p>M1-1理念思路3M1-1理念思路3M1-1理念思路3M1-1理念思路3M1-1理念思路3M1-1理念思路3M1-1理念思路3M1-1理念思路3M1-1理念思路3M1-1理念思路3M1-1理念思路3M1-1理念思路3M1-1理念思路3M1-1理念思路3M1-1理念思路3M1-1理念思路3M1-1理念思路3M1-1理念思路3M1-1理念思路3M1-1理念思路3M1-1理念思路3M1-1理念思路3M1-1理念思路3M1-1理念思路3M1-1理念思路3M1-1理念思路3M1-1理念思路3M1-1理念思路3M1-1理念思路3M1-1理念思路3M1-1理念思路3M1-1理念思路3M1-1理念思路3M1-1理念思路3M1-1理念思路3M1-1理念思路3M1-1理念思路3M1-1理念思路3M1-1理念思路3M1-1理念思路3M1-1理念思路3M1-1理念思路3M1-1理念思路3M1-1理念思路3M1-1理念思路3M1-1理念思路3M1-1理念思路3M1-1理念思路3M1-1理念思路3M1-1理念思路3M1-1理念思路3M1-1理念思路3M1-1理念思路3M1-1理念思路3M1-1理念思路3M1-1理念思路3M1-1理念思路3M1-1理念思路3M1-1理念思路3M1-1理念思路3M1-1理念思路3M1-1理念思路3M1-1理念思路3M1-1理念思路3M1-1理念思路3M1-1理念思路3M1-1理念思路3M1-1理念思路3M1-1理念思路3M1-1理念思路3M1-1理念思路3M1-1理念思路3M1-1理念思路3M1-1理念思路3M1-1理念思路3M1-1理念思路3M1-1理念思路3M1-1理念思路3M1-1理念思路3M1-1理念思路3M1-1理念思路3M1-1理念思路3</p>',NULL,1,NULL,NULL,NULL,NULL,NULL),(42,'M2 -1 M2 -1M2 -1M2 -1M2',1,'2017-12-05',33,120,1,1,'<p>M2 -1M2 -1M2 -1M2 -1M2 -1M2 -1M2 -1M2 -1M2 -1M2 -1M2 -1M2 -1M2 -1M2 -1M2 -1M2 -1M2 -1M2 -1M2 -1M2 -1M2 -1M2 -1M2 -1M2 -1M2 -1M2 -1M2 -1M2 -1M2 -1M2 -1M2 -1M2 -1M2 -1M2 -1M2 -1M2 -1M2 -1M2 -1M2 -1M2 -1M2 -1M2 -1M2 -1M2 -1M2 -1M2 -1M2 -1M2 -1M2 -1M2 -1M2 -1M2 -1M2 -1M2 -1M2 -1M2 -1M2 -1M2 -1M2 -1M2 -1M2 -1M2 -1M2 -1M2 -1M2 -1M2 -1M2 -1M2 -1</p>',NULL,1,NULL,NULL,NULL,NULL,NULL),(43,'M2-2教学运行1',1,'2017-12-06',33,121,1,1,'<p>M2-2教学运行1M2-2教学运行1M2-2教学运行1M2-2教学运行1M2-2教学运行1M2-2教学运行1M2-2教学运行1M2-2教学运行1M2-2教学运行1M2-2教学运行1M2-2教学运行1M2-2教学运行1M2-2教学运行1M2-2教学运行1M2-2教学运行1M2-2教学运行1M2-2教学运行1M2-2教学运行1M2-2教学运行1M2-2教学运行1M2-2教学运行1</p>',NULL,1,NULL,NULL,NULL,NULL,NULL),(44,'M2-2教学运行2',1,'2017-11-30',33,121,1,1,'<p>M2-2教学运行1M2-2教学运行1M2-2教学运行1M2-2教学运行1M2-2教学运行1M2-2教学运行1M2-2教学运行1M2-2教学运行1M2-2教学运行1M2-2教学运行1M2-2教学运行1M2-2教学运行1M2-2教学运行1M2-2教学运行1M2-2教学运行1M2-2教学运行1M2-2教学运行1M2-2教学运行1M2-2教学运行1M2-2教学运行1M2-2教学运行1M2-2教学运行1M2-2教学运行1M2-2教学运行1M2-2教学运行1M2-2教学运行1M2-2教学运行1M2-2教学运行1M2-2教学运行1M2-2教学运行1M2-2教学运行1M2-2教学运行1M2-2教学运行1M2-2教学运行1M2-2教学运行1M2-2教学运行1M2-2教学运行1M2-2教学运行1M2-2教学运行1M2-2教学运行1M2-2教学运行1M2-2教学运行1M2-2教学运行1M2-2教学运行1M2-2教学运行1M2-2教学运行1M2-2教学运行1M2-2教学运行1M2-2教学运行1M2-2教学运行1M2-2教学运行1M2-2教学运行1M2-2教学运行1M2-2教学运行1M2-2教学运行1M2-2教学运行1M2-2教学运行1M2-2教学运行1M2-2教学运行1M2-2教学运行1M2-2教学运行1M2-2教学运行1M2-2教学运行1M2-2教学运行1M2-2教学运行1M2-2教学运行1</p>',NULL,1,NULL,NULL,NULL,NULL,NULL),(45,'M2-2教学运行3',1,'2017-12-20',33,121,1,1,'<p>M2-2教学运行1M2-2教学运行1M2-2教学运行1M2-2教学运行1M2-2教学运行1M2-2教学运行1M2-2教学运行1M2-2教学运行1M2-2教学运行1M2-2教学运行1M2-2教学运行1M2-2教学运行1M2-2教学运行1M2-2教学运行1M2-2教学运行1M2-2教学运行1M2-2教学运行1M2-2教学运行1M2-2教学运行1M2-2教学运行1M2-2教学运行1M2-2教学运行1M2-2教学运行1M2-2教学运行1M2-2教学运行1M2-2教学运行1M2-2教学运行1M2-2教学运行1M2-2教学运行1M2-2教学运行1M2-2教学运行1M2-2教学运行1M2-2教学运行1M2-2教学运行1M2-2教学运行1M2-2教学运行1M2-2教学运行1M2-2教学运行1M2-2教学运行1M2-2教学运行1M2-2教学运行1M2-2教学运行1M2-2教学运行1M2-2教学运行1M2-2教学运行1M2-2教学运行1M2-2教学运行1M2-2教学运行1M2-2教学运行1M2-2教学运行1M2-2教学运行1M2-2教学运行1M2-2教学运行1M2-2教学运行1M2-2教学运行1M2-2教学运行1M2-2教学运行1M2-2教学运行1M2-2教学运行1M2-2教学运行1M2-2教学运行1M2-2教学运行1M2-2教学运行1M2-2教学运行1M2-2教学运行1M2-2教学运行1M2-2教学运行1M2-2教学运行1M2-2教学运行1M2-2教学运行1M2-2教学运行1M2-2教学运行1M2-2教学运行1M2-2教学运行1M2-2教学运行1M2-2教学运行1M2-2教学运行1M2-2教学运行1M2-2教学运行1M2-2教学运行1M2-2教学运行1M2-2教学运行1M2-2教学运行1M2-2教学运行1M2-2教学运行1M2-2教学运行1M2-2教学运行1M2-2教学运行1M2-2教学运行1M2-2教学运行1M2-2教学运行1M2-2教学运行1M2-2教学运行1M2-2教学运行1M2-2教学运行1M2-2教学运行1M2-2教学运行1M2-2教学运行1M2-2教学运行1M2-2教学运行1M2-2教学运行1M2-2教学运行1M2-2教学运行1M2-2教学运行1M2-2教学运行1M2-2教学运行1M2-2教学运行1M2-2教学运行1M2-2教学运行1M2-2教学运行1M2-2教学运行1M2-2教学运行1M2-2教学运行1M2-2教学运行1M2-2教学运行1M2-2教学运行1M2-2教学运行1M2-2教学运行1M2-2教学运行1M2-2教学运行1M2-2教学运行1M2-2教学运行1M2-2教学运行1M2-2教学运行1M2-2教学运行1M2-2教学运行1M2-2教学运行1M2-2教学运行1M2-2教学运行1M2-2教学运行1M2-2教学运行1M2-2教学运行1M2-2教学运行1M2-2教学运行1M2-2教学运行1M2-2教学运行1M2-2教学运行1M2-2教学运行1M2-2教学运行1M2-2教学运行1M2-2教学运行1M2-2教学运行1M2-2教学运行1M2-2教学运行1M2-2教学运行1M2-2教学运行1M2-2教学运行1M2-2教学运行1</p>',NULL,1,NULL,NULL,NULL,NULL,NULL),(46,'M2-2教学运行4',1,'2017-12-06',33,121,1,1,'<p>M2-2教学运行1M2-2教学运行1M2-2教学运行1M2-2教学运行1M2-2教学运行1M2-2教学运行1M2-2教学运行1M2-2教学运行1M2-2教学运行1M2-2教学运行1M2-2教学运行1M2-2教学运行1M2-2教学运行1M2-2教学运行1M2-2教学运行1M2-2教学运行1M2-2教学运行1M2-2教学运行1M2-2教学运行1M2-2教学运行1M2-2教学运行1M2-2教学运行1M2-2教学运行1M2-2教学运行1M2-2教学运行1M2-2教学运行1M2-2教学运行1M2-2教学运行1M2-2教学运行1M2-2教学运行1M2-2教学运行1M2-2教学运行1M2-2教学运行1M2-2教学运行1M2-2教学运行1M2-2教学运行1M2-2教学运行1M2-2教学运行1M2-2教学运行1M2-2教学运行1M2-2教学运行1M2-2教学运行1M2-2教学运行1M2-2教学运行1M2-2教学运行1M2-2教学运行1M2-2教学运行1M2-2教学运行1M2-2教学运行1M2-2教学运行1M2-2教学运行1M2-2教学运行1M2-2教学运行1M2-2教学运行1M2-2教学运行1M2-2教学运行1M2-2教学运行1M2-2教学运行1M2-2教学运行1M2-2教学运行1M2-2教学运行1M2-2教学运行1M2-2教学运行1M2-2教学运行1M2-2教学运行1M2-2教学运行1M2-2教学运行1M2-2教学运行1M2-2教学运行1M2-2教学运行1M2-2教学运行1M2-2教学运行1M2-2教学运行1M2-2教学运行1M2-2教学运行1M2-2教学运行1M2-2教学运行1M2-2教学运行1M2-2教学运行1M2-2教学运行1M2-2教学运行1M2-2教学运行1M2-2教学运行1M2-2教学运行1M2-2教学运行1M2-2教学运行1M2-2教学运行1M2-2教学运行1M2-2教学运行1M2-2教学运行1M2-2教学运行1M2-2教学运行1M2-2教学运行1M2-2教学运行1M2-2教学运行1M2-2教学运行1M2-2教学运行1M2-2教学运行1M2-2教学运行1M2-2教学运行1M2-2教学运行1M2-2教学运行1M2-2教学运行1M2-2教学运行1M2-2教学运行1M2-2教学运行1M2-2教学运行1M2-2教学运行1M2-2教学运行1M2-2教学运行1M2-2教学运行1M2-2教学运行1M2-2教学运行1M2-2教学运行1M2-2教学运行1M2-2教学运行1M2-2教学运行1M2-2教学运行1M2-2教学运行1M2-2教学运行1M2-2教学运行1M2-2教学运行1M2-2教学运行1M2-2教学运行1M2-2教学运行1M2-2教学运行1M2-2教学运行1M2-2教学运行1M2-2教学运行1M2-2教学运行1M2-2教学运行1M2-2教学运行1M2-2教学运行1M2-2教学运行1M2-2教学运行1M2-2教学运行1M2-2教学运行1M2-2教学运行1M2-2教学运行1M2-2教学运行1M2-2教学运行1M2-2教学运行1M2-2教学运行1M2-2教学运行1M2-2教学运行1M2-2教学运行1M2-2教学运行1M2-2教学运行1M2-2教学运行1M2-2教学运行1M2-2教学运行1M2-2教学运行1M2-2教学运行1M2-2教学运行1M2-2教学运行1M2-2教学运行1M2-2教学运行1M2-2教学运行1M2-2教学运行1M2-2教学运行1M2-2教学运行1M2-2教学运行1M2-2教学运行1M2-2教学运行1M2-2教学运行1M2-2教学运行1M2-2教学运行1M2-2教学运行1M2-2教学运行1M2-2教学运行1M2-2教学运行1M2-2教学运行1M2-2教学运行1M2-2教学运行1M2-2教学运行1M2-2教学运行1M2-2教学运行1M2-2教学运行1M2-2教学运行1M2-2教学运行1M2-2教学运行1M2-2教学运行1M2-2教学运行1M2-2教学运行1M2-2教学运行1M2-2教学运行1M2-2教学运行1M2-2教学运行1M2-2教学运行1M2-2教学运行1M2-2教学运行1M2-2教学运行1M2-2教学运行1M2-2教学运行1M2-2教学运行1M2-2教学运行1M2-2教学运行1M2-2教学运行1M2-2教学运行1M2-2教学运行1M2-2教学运行1M2-2教学运行1M2-2教学运行1M2-2教学运行1M2-2教学运行1M2-2教学运行1M2-2教学运行1M2-2教学运行1M2-2教学运行1M2-2教学运行1M2-2教学运行1M2-2教学运行1M2-2教学运行1M2-2教学运行1M2-2教学运行1M2-2教学运行1M2-2教学运行1M2-2教学运行1M2-2教学运行1M2-2教学运行1M2-2教学运行1M2-2教学运行1M2-2教学运行1M2-2教学运行1M2-2教学运行1M2-2教学运行1M2-2教学运行1M2-2教学运行1M2-2教学运行1M2-2教学运行1M2-2教学运行1M2-2教学运行1M2-2教学运行1M2-2教学运行1M2-2教学运行1M2-2教学运行1M2-2教学运行1M2-2教学运行1M2-2教学运行1M2-2教学运行1M2-2教学运行1M2-2教学运行1M2-2教学运行1M2-2教学运行1M2-2教学运行1M2-2教学运行1M2-2教学运行1M2-2教学运行1M2-2教学运行1M2-2教学运行1M2-2教学运行1M2-2教学运行1M2-2教学运行1M2-2教学运行1M2-2教学运行1M2-2教学运行1M2-2教学运行1M2-2教学运行1M2-2教学运行1M2-2教学运行1M2-2教学运行1M2-2教学运行1M2-2教学运行1M2-2教学运行1M2-2教学运行1M2-2教学运行1M2-2教学运行1M2-2教学运行1M2-2教学运行1M2-2教学运行1M2-2教学运行1M2-2教学运行1M2-2教学运行1M2-2教学运行1M2-2教学运行1M2-2教学运行1M2-2教学运行1M2-2教学运行1M2-2教学运行1M2-2教学运行1M2-2教学运行1M2-2教学运行1M2-2教学运行1M2-2教学运行1M2-2教学运行1M2-2教学运行1M2-2教学运行1M2-2教学运行1M2-2教学运行1M2-2教学运行1M2-2教学运行1M2-2教学运行1M2-2教学运行1M2-2教学运行1M2-2教学运行1M2-2教学运行1M2-2教学运行1M2-2教学运行1M2-2教学运行1M2-2教学运行1M2-2教学运行1M2-2教学运行1M2-2教学运行1M2-2教学运行1M2-2教学运行1M2-2教学运行1M2-2教学运行1M2-2教学运行1M2-2教学运行1M2-2教学运行1M2-2教学运行1M2-2教学运行1M2-2教学运行1M2-2教学运行1M2-2教学运行1M2-2教学运行1M2-2教学运行1M2-2教学运行1M2-2教学运行1M2-2教学运行1M2-2教学运行1M2-2教学运行1M2-2教学运行1M2-2教学运行1M2-2教学运行1M2-2教学运行1M2-2教学运行1M2-2教学运行1M2-2教学运行1M2-2教学运行1M2-2教学运行1M2-2教学运行1M2-2教学运行1M2-2教学运行1M2-2教学运行1M2-2教学运行1M2-2教学运行1M2-2教学运行1M2-2教学运行1M2-2教学运行1M2-2教学运行1M2-2教学运行1M2-2教学运行1M2-2教学运行1M2-2教学运行1M2-2教学运行1M2-2教学运行1M2-2教学运行1M2-2教学运行1M2-2教学运行1M2-2教学运行1M2-2教学运行1M2-2教学运行1M2-2教学运行1M2-2教学运行1M2-2教学运行1M2-2教学运行1M2-2教学运行1M2-2教学运行1M2-2教学运行1M2-2教学运行1M2-2教学运行1M2-2教学运行1M2-2教学运行1M2-2教学运行1M2-2教学运行1M2-2教学运行1M2-2教学运行1M2-2教学运行1M2-2教学运行1M2-2教学运行1M2-2教学运行1M2-2教学运行1M2-2教学运行1M2-2教学运行1M2-2教学运行1M2-2教学运行1M2-2教学运行1M2-2教学运行1M2-2教学运行1M2-2教学运行1M2-2教学运行1M2-2教学运行1M2-2教学运行1M2-2教学运行1M2-2教学运行1M2-2教学运行1M2-2教学运行1M2-2教学运行1M2-2教学运行1M2-2教学运行1M2-2教学运行1M2-2教学运行1M2-2教学运行1M2-2教学运行1M2-2教学运行1M2-2教学运行1</p>',NULL,1,NULL,NULL,NULL,NULL,NULL),(47,'M2-2教学运行5',1,'2017-12-14',33,121,1,1,'<p>M2-2教学运行1M2-2教学运行1M2-2教学运行1M2-2教学运行1M2-2教学运行1M2-2教学运行1M2-2教学运行1M2-2教学运行1M2-2教学运行1M2-2教学运行1M2-2教学运行1M2-2教学运行1M2-2教学运行1M2-2教学运行1M2-2教学运行1M2-2教学运行1M2-2教学运行1M2-2教学运行1M2-2教学运行1</p>',NULL,1,NULL,NULL,NULL,NULL,NULL),(48,'M2-2教学运行7',1,'2017-12-06',33,121,2,1,'<p>M2-2教学运行1M2-2教学运行1M2-2教学运行1M2-2教学运行1M2-2教学运行1M2-2教学运行1M2-2教学运行1M2-2教学运行1M2-2教学运行1M2-2教学运行1M2-2教学运行1M2-2教学运行1M2-2教学运行1M2-2教学运行1M2-2教学运行1M2-2教学运行1M2-2教学运行1M2-2教学运行1M2-2教学运行1M2-2教学运行1M2-2教学运行1M2-2教学运行1M2-2教学运行1M2-2教学运行1M2-2教学运行1M2-2教学运行1M2-2教学运行1M2-2教学运行1M2-2教学运行1M2-2教学运行1M2-2教学运行1M2-2教学运行1M2-2教学运行1M2-2教学运行1M2-2教学运行1M2-2教学运行1M2-2教学运行1M2-2教学运行1M2-2教学运行1M2-2教学运行1M2-2教学运行1M2-2教学运行1M2-2教学运行1M2-2教学运行1M2-2教学运行1M2-2教学运行1M2-2教学运行1M2-2教学运行1M2-2教学运行1M2-2教学运行1M2-2教学运行1M2-2教学运行1M2-2教学运行1M2-2教学运行1M2-2教学运行1M2-2教学运行1M2-2教学运行1M2-2教学运行1M2-2教学运行1M2-2教学运行1M2-2教学运行1M2-2教学运行1M2-2教学运行1M2-2教学运行1M2-2教学运行1M2-2教学运行1M2-2教学运行1M2-2教学运行1M2-2教学运行1M2-2教学运行1M2-2教学运行1M2-2教学运行1M2-2教学运行1M2-2教学运行1M2-2教学运行1M2-2教学运行1M2-2教学运行1M2-2教学运行1M2-2教学运行1M2-2教学运行1M2-2教学运行1M2-2教学运行1M2-2教学运行1M2-2教学运行1M2-2教学运行1M2-2教学运行1M2-2教学运行1M2-2教学运行1M2-2教学运行1M2-2教学运行1M2-2教学运行1M2-2教学运行1M2-2教学运行1M2-2教学运行1M2-2教学运行1M2-2教学运行1M2-2教学运行1</p>',NULL,1,NULL,NULL,NULL,NULL,NULL),(49,'M5-1',1,'2017-11-28',38,132,1,1,'<p>M5-1M5-1M5-1M5-1M5-1M5-1M5-1M5-1M<img src=\"http://localhost:8080/xywx/layui/images/face/14.gif\" alt=\"[亲亲]\">5-1M5-1M5<img src=\"http://localhost:8080/xywx/layui/images/face/3.gif\" alt=\"[可爱]\">-1M5-1M5-1</p>',NULL,2,NULL,NULL,NULL,NULL,NULL),(50,'M5-2',1,'2017-12-16',38,133,1,1,'<p>M5-2M5-2M5-2M5-2M5-2M5-2M5-2M5-2M5-2M5-2M5-2M5-2M5-2M5-2M5-2M5-2M5-2M5-2M5-2M5-2M5-2M5-2M5-2M5-2M5-2<img src=\"/xywx/upload/1513394681850.jpg\" alt=\"undefined\"></p>',NULL,2,NULL,NULL,NULL,NULL,NULL),(51,'ddddddddddd',41,'2017-12-16',31,NULL,1,1,'<p>das<b>dsadasdsadasdasfdasdasddasdasfs<i>dgsfadg</i></b></p><p><b><i><u>fffff</u></i></b></p>',NULL,1,NULL,NULL,NULL,NULL,NULL);

/*Table structure for table `link` */

CREATE TABLE `link` (
  `id` int(11) NOT NULL AUTO_INCREMENT,
  `name` varchar(255) DEFAULT NULL,
  `url` varchar(255) DEFAULT NULL,
  `st` int(11) DEFAULT NULL,
  `shen` int(11) DEFAULT NULL,
  `bei_int` int(11) DEFAULT NULL,
  `bei_1` varchar(255) DEFAULT NULL,
  `bei_2` varchar(255) DEFAULT NULL,
  `bei_3` varchar(255) DEFAULT NULL,
  PRIMARY KEY (`id`)
) ENGINE=InnoDB AUTO_INCREMENT=30 DEFAULT CHARSET=utf8;

/*Data for the table `link` */

insert  into `link`(`id`,`name`,`url`,`st`,`shen`,`bei_int`,`bei_1`,`bei_2`,`bei_3`) values (21,'国家食品药品监督管理局','http://www.sda.gov.cn/WS01/CL0001/',NULL,NULL,NULL,NULL,NULL,NULL),(22,'江苏省食品药品监督管理局','http://www.jsfda.gov.cn/',NULL,NULL,NULL,NULL,NULL,NULL),(23,'江苏联合职业技术学院','http://juti.cn/',NULL,NULL,NULL,NULL,NULL,NULL),(24,'江苏职教','http://www.jsve.edu.cn/',NULL,NULL,NULL,NULL,NULL,NULL),(25,'江苏省教育考试院','http://www.jseea.cn/',NULL,NULL,NULL,NULL,NULL,NULL),(26,'江苏教育','http://www.ec.js.edu.cn/',NULL,NULL,NULL,NULL,NULL,NULL),(27,'CNKI知识创新网','http://www.cnki.net/',NULL,NULL,NULL,NULL,NULL,NULL),(28,'百度','www.baidu.com',NULL,NULL,NULL,NULL,NULL,NULL),(29,'自定义的网站','http://www.zdywz.com',NULL,NULL,NULL,NULL,NULL,NULL);

/*Table structure for table `notice` */

CREATE TABLE `notice` (
  `id` int(11) NOT NULL AUTO_INCREMENT,
  `title` varchar(255) DEFAULT NULL,
  `txt` text,
  `set_time` varchar(50) DEFAULT NULL,
  `user_id` int(11) DEFAULT NULL,
  `img` varchar(255) DEFAULT NULL,
  `st` int(11) DEFAULT NULL,
  `shen` int(11) DEFAULT NULL,
  `bei_int` int(11) DEFAULT NULL,
  `bei_1` varchar(255) DEFAULT NULL,
  `bei_2` varchar(255) DEFAULT NULL,
  `bei_3` varchar(255) DEFAULT NULL,
  PRIMARY KEY (`id`)
) ENGINE=InnoDB AUTO_INCREMENT=18 DEFAULT CHARSET=utf8;

/*Data for the table `notice` */

insert  into `notice`(`id`,`title`,`txt`,`set_time`,`user_id`,`img`,`st`,`shen`,`bei_int`,`bei_1`,`bei_2`,`bei_3`) values (1,'1.2公告xuexiao公告','<p>1.2公告xuexiao公告1.2公告xuexiao公告1.2公告xuexiao公告1.2公告xuexiao公告<img src=\"http://localhost:8080/xywx/layui/images/face/3.gif\" alt=\"[可爱]\"></p>','2017-12-06',1,'/xywx/upload/1513416131536.jpg',NULL,NULL,NULL,NULL,NULL,NULL),(7,'1.1我自己定义的公告','<p>自定义的公告1.1我自己定义的公告1.1我自己定义的公告<img src=\"http://localhost:8080/xywx/layui/images/face/14.gif\" alt=\"[亲亲]\">大大</p>','2017-12-06',NULL,'/xywx/upload/1513416125583.jpg',NULL,NULL,NULL,NULL,NULL,NULL),(8,'1.3我自己定义的公告','<p>1.3我自己定义的公告1.3我<i>自己定义的公告1.3我自己定义的公告1.3我自己定义的公告1.3我自己</i>定义的公告1.3我自己定义的公告1.3我自己定义的公告</p>','2017-11-29',NULL,'/xywx/upload/1513416117698.jpg',NULL,NULL,NULL,NULL,NULL,NULL),(9,'1.4我自己定义的公告','<p>1.4我自己定义的公告1.4我自己定义的公告1.4我自己定义的公告1.4我自己定义的公告1.4我自己定义的公告1.4我自己定义的公告1.4我自己定义的公告1.4我自己定义的公告1.4我自己定义的公告1.4我自己定义的公告</p>','2017-12-01',NULL,'/xywx/upload/1513416109846.jpg',NULL,NULL,NULL,NULL,NULL,NULL),(10,'1.5我自己定义的公告','<p>1.5我自己定义的公告1.5我自己定义的公告1.5我自己定义的公告1.5我自己定义的公告1.5我自己定义的公告1.5我自己定义的公告1.5我自己定义的公告1.5我自己定义的公告1.5我自己定义的公告1.5我自己定义的公告</p>','2017-12-09',NULL,'/xywx/upload/1513416102897.jpg',NULL,NULL,NULL,NULL,NULL,NULL),(16,'1.6公告公告','<p>1.6公告公告1.6公告公告1.6公告公告1.6公告公告1.6公告公告1.6公告公告1.6公告公告1.6公告公告1.6公告公告1.6公告公告1.6公告公告1.6公告公告1.6公告公告1.6公告公告1.6公告公告1.6公告公告1.6公告公告1.6公告公告1.6公告公告1.6公告公告1.6公告公告1.6公告公告1.6公告公告1.6公告公告1.6公告公告1.6公告公告1.6公告公告1.6公告公告1.6公告公告1.6公告公告1.6公告公告1.6公告公告1.6公告公告1.6公告公告1.6公告公告1.6公告公告1.6公告公告1.6公告公告1.6公告公告1.6公告公告1.6公告公告1.6公告公告1.6公告公告1.6公告公告1.6公告公告1.6公告公告1.6公告公告1.6公告公告1.6公告公告1.6公告公告1.6公告公告1.6公告公告1.6公告公告</p>','2017-11-30',NULL,'/xywx/upload/1513416096214.jpg',NULL,NULL,NULL,NULL,NULL,NULL),(17,'1.7公告公告1.6公告公告1.6公告公告','<p>1.7公告公告1.6公告公告1.6公告公告1.7公告公告1.6公告公告1.6公告公告1.7公告公告1.6公告公告1.6公告公告1.7公告公告1.6公告公告1.6公告公告1.7公告公告1.6公告公告1.6公告公告1.7公告公告1.6公告公告1.6公告公告1.7公告公告1.6公告公告1.6公告公告1.7公告公告1.6公告公告1.6公告公告1.7公告公告1.6公告公告1.6公告公告</p>','2017-12-14',NULL,'/xywx/upload/1513416089024.jpg',NULL,NULL,NULL,NULL,NULL,NULL);

/*Table structure for table `sys` */

CREATE TABLE `sys` (
  `id` int(11) NOT NULL AUTO_INCREMENT,
  `name` varchar(50) DEFAULT NULL,
  `value` varchar(50) DEFAULT NULL,
  `txt` text,
  `type` int(11) DEFAULT NULL,
  `url` varchar(255) DEFAULT NULL,
  `img` varchar(255) DEFAULT NULL,
  `st` int(11) DEFAULT NULL,
  `shen` int(11) DEFAULT NULL,
  `bei_int` int(11) DEFAULT NULL,
  `bei_1` varchar(255) DEFAULT NULL,
  `bei_2` varchar(255) DEFAULT NULL,
  `bei_3` varchar(255) DEFAULT NULL,
  PRIMARY KEY (`id`)
) ENGINE=InnoDB DEFAULT CHARSET=utf8;

/*Data for the table `sys` */

/*Table structure for table `type` */

CREATE TABLE `type` (
  `id` int(11) NOT NULL AUTO_INCREMENT,
  `name` varchar(255) DEFAULT NULL,
  `type` varchar(255) DEFAULT NULL,
  `article_id` int(11) DEFAULT NULL,
  `st` int(11) DEFAULT NULL,
  `shen` int(11) DEFAULT NULL,
  `bei_int` int(11) DEFAULT NULL,
  `bei_1` varchar(255) DEFAULT NULL,
  `bei_2` varchar(255) DEFAULT NULL,
  `bei_3` varchar(255) DEFAULT NULL,
  PRIMARY KEY (`id`)
) ENGINE=InnoDB AUTO_INCREMENT=36 DEFAULT CHARSET=utf8;

/*Data for the table `type` */

insert  into `type`(`id`,`name`,`type`,`article_id`,`st`,`shen`,`bei_int`,`bei_1`,`bei_2`,`bei_3`) values (30,'验收申请',NULL,NULL,NULL,NULL,NULL,'','',NULL),(31,'总结报告',NULL,NULL,NULL,NULL,NULL,NULL,NULL,NULL),(32,'M1基础建设',NULL,NULL,NULL,NULL,NULL,'','',NULL),(33,'M2运行管理',NULL,NULL,NULL,NULL,NULL,'','',NULL),(34,'M3服务成效',NULL,NULL,NULL,NULL,NULL,'','',NULL),(35,'特色创新',NULL,NULL,NULL,NULL,NULL,NULL,NULL,NULL);

/*Table structure for table `type2` */

CREATE TABLE `type2` (
  `id` int(11) NOT NULL AUTO_INCREMENT,
  `name` varchar(255) DEFAULT NULL,
  `type` varchar(255) DEFAULT NULL,
  `type_id` int(11) DEFAULT NULL,
  `st` int(11) DEFAULT NULL,
  `shen` int(11) DEFAULT NULL,
  `bei_int` int(11) DEFAULT NULL,
  `bei_1` varchar(255) DEFAULT NULL,
  `bei_2` varchar(255) DEFAULT NULL,
  `bei_3` varchar(255) DEFAULT NULL,
  PRIMARY KEY (`id`)
) ENGINE=InnoDB AUTO_INCREMENT=127 DEFAULT CHARSET=utf8;

/*Data for the table `type2` */

insert  into `type2`(`id`,`name`,`type`,`type_id`,`st`,`shen`,`bei_int`,`bei_1`,`bei_2`,`bei_3`) values (116,'M1-2设施设备',NULL,32,NULL,NULL,NULL,NULL,NULL,NULL),(117,'M1-1理念思路',NULL,32,NULL,NULL,NULL,NULL,NULL,NULL),(118,'M1-3信息化建设',NULL,32,NULL,NULL,NULL,NULL,NULL,NULL),(119,'M1-4教学团队',NULL,32,NULL,NULL,NULL,NULL,NULL,NULL),(120,'M2-1管理机制',NULL,33,NULL,NULL,NULL,NULL,NULL,NULL),(121,'M2-2教学运行',NULL,33,NULL,NULL,NULL,NULL,NULL,NULL),(122,'M2-3生产运行',NULL,33,NULL,NULL,NULL,NULL,NULL,NULL),(123,'M2-4科研运行',NULL,33,NULL,NULL,NULL,NULL,NULL,NULL),(124,'M3-1人才培养',NULL,34,NULL,NULL,NULL,NULL,NULL,NULL),(125,'M3-2教师发展',NULL,34,NULL,NULL,NULL,NULL,NULL,NULL),(126,'M3-3社会服务',NULL,34,NULL,NULL,NULL,NULL,NULL,NULL);

/*Table structure for table `user` */

CREATE TABLE `user` (
  `id` int(11) NOT NULL AUTO_INCREMENT,
  `name` varchar(25) DEFAULT NULL,
  `user` varchar(25) DEFAULT NULL,
  `pwd` varchar(25) DEFAULT NULL,
  `stu_no` int(11) DEFAULT NULL,
  `phone` int(15) DEFAULT NULL,
  `type` int(11) DEFAULT NULL,
  `img` varchar(255) DEFAULT NULL,
  `st` int(11) DEFAULT NULL,
  `shen` int(11) DEFAULT NULL,
  `bei_int` int(11) DEFAULT NULL,
  `bei_1` varchar(255) DEFAULT NULL,
  `bei_2` varchar(255) DEFAULT NULL,
  `bei_3` varchar(255) DEFAULT NULL,
  PRIMARY KEY (`id`)
) ENGINE=InnoDB AUTO_INCREMENT=4 DEFAULT CHARSET=utf8;

/*Data for the table `user` */

insert  into `user`(`id`,`name`,`user`,`pwd`,`stu_no`,`phone`,`type`,`img`,`st`,`shen`,`bei_int`,`bei_1`,`bei_2`,`bei_3`) values (1,'gxx','1','1',1,NULL,NULL,'images/face.jpg',NULL,NULL,NULL,NULL,NULL,NULL),(2,'11','11','11',NULL,NULL,NULL,'images/face.jpg',NULL,NULL,NULL,NULL,NULL,NULL),(3,'2','2','2',2,NULL,NULL,NULL,NULL,NULL,NULL,NULL,NULL,NULL);

/*!40101 SET SQL_MODE=@OLD_SQL_MODE */;
/*!40014 SET UNIQUE_CHECKS=@OLD_UNIQUE_CHECKS */;
/*!40111 SET SQL_NOTES=@OLD_SQL_NOTES */;
